departments,machines,scenario,hacked,variables_after_reduction,never_isolate_removed,qubits,linear_terms,quadratic_terms,build_ms,qaoa_layer_rx,qaoa_layer_zz,qaoa_two_qubit_gates_p3,exact_ms,sa_ms,sa_matches_exact
1,12,net12_r01,1,1,1,0,0,0,0.045,0,0,0,0.0,0.0,True
1,12,net12_r02,1,4,0,4,4,1,0.043,4,1,6,0.2,60.7,True
1,12,net12_r03,3,7,0,7,7,2,0.066,7,2,12,0.2,70.5,True
1,12,net12_r04,2,7,0,7,7,5,0.082,7,5,30,0.1,81.5,True
1,12,net12_r05,1,4,0,4,4,1,0.061,4,1,6,0.1,50.2,True
1,12,net12_r06,2,7,0,7,7,4,0.065,7,4,24,0.1,48.1,True
1,12,net12_r07,4,6,1,5,5,2,0.052,5,2,12,0.2,62.2,True
1,12,net12_r08,2,5,0,5,5,2,0.053,5,2,12,0.1,67.0,True
1,12,net12_r09,2,6,1,5,5,3,0.076,5,3,18,0.1,59.4,True
1,12,net12_r10,2,5,0,5,5,2,0.067,5,2,12,0.1,52.1,True
1,12,net12_r11,2,6,0,6,6,3,0.083,6,3,18,0.2,67.3,True
1,12,net12_r12,3,7,0,7,7,3,0.1,7,3,18,0.1,73.9,True
1,12,net12_r13,2,7,0,7,7,3,0.093,7,3,18,0.1,61.1,True
1,12,net12_r14,4,9,1,8,8,2,0.089,8,2,12,0.1,45.8,True
1,12,net12_r15,1,2,0,2,2,1,0.049,2,1,6,0.1,36.6,True
2,22,net22_r01,1,5,0,5,5,3,0.046,5,3,18,0.1,42.6,True
2,22,net22_r02,1,4,0,4,4,1,0.05,4,1,6,0.1,36.7,True
2,22,net22_r03,3,11,0,11,11,5,0.071,11,5,30,0.4,53.2,True
2,22,net22_r04,2,8,1,7,7,2,0.064,7,2,12,0.1,43.7,True
2,22,net22_r05,1,4,0,4,4,1,0.051,4,1,6,0.1,37.8,True
2,22,net22_r06,2,6,0,6,6,2,0.053,6,2,12,0.1,39.8,True
2,22,net22_r07,4,12,2,10,10,4,0.08,10,4,24,0.2,50.3,True
2,22,net22_r08,2,5,1,4,4,2,0.058,4,2,12,0.1,39.5,True
2,22,net22_r09,2,12,0,12,12,7,0.065,12,7,42,1.0,57.5,True
2,22,net22_r10,2,8,0,8,8,3,0.061,8,3,18,0.1,49.1,True
2,22,net22_r11,2,5,0,5,5,2,0.057,5,2,12,0.1,44.4,True
2,22,net22_r12,3,10,1,9,9,4,0.069,9,4,24,0.1,51.6,True
2,22,net22_r13,2,12,2,10,10,4,0.07,10,4,24,0.2,88.4,True
2,22,net22_r14,4,8,1,7,7,2,0.08,7,2,12,0.1,71.4,True
2,22,net22_r15,1,4,0,4,4,2,0.066,4,2,12,0.1,42.5,True
3,32,net32_r01,1,4,0,4,4,1,0.044,4,1,6,0.1,35.3,True
3,32,net32_r02,1,4,0,4,4,1,0.058,4,1,6,0.1,35.7,True
3,32,net32_r03,3,12,0,12,12,7,0.073,12,7,42,0.4,60.2,True
3,32,net32_r04,2,12,0,12,12,7,0.085,12,7,42,0.4,56.3,True
3,32,net32_r05,2,6,1,5,5,2,0.061,5,2,12,0.1,50.9,True
3,32,net32_r06,2,11,0,11,11,6,0.075,11,6,36,0.2,66.1,True
3,32,net32_r07,3,10,0,10,10,4,0.075,10,4,24,3.1,54.9,True
3,32,net32_r08,2,5,1,4,4,2,0.078,4,2,12,0.1,55.8,True
3,32,net32_r09,1,4,0,4,4,1,0.077,4,1,6,0.1,62.7,True
3,32,net32_r10,2,6,1,5,5,2,0.086,5,2,12,0.1,47.4,True
3,32,net32_r11,3,8,1,7,7,5,0.086,7,5,30,0.1,51.7,True
3,32,net32_r12,4,17,0,17,17,9,0.09,17,9,54,47.8,96.2,True
3,32,net32_r13,3,8,1,7,7,4,0.104,7,4,24,0.1,87.5,True
3,32,net32_r14,3,8,1,7,7,2,0.107,7,2,12,0.6,75.8,True
3,32,net32_r15,4,13,1,12,12,5,0.141,12,5,30,0.5,94.9,True
4,42,net42_r01,1,4,0,4,4,1,0.068,4,1,6,0.1,63.7,True
4,42,net42_r02,1,7,0,7,7,4,0.097,7,4,24,0.1,81.2,True
4,42,net42_r03,3,16,0,16,16,8,0.124,16,8,48,16.5,115.8,True
4,42,net42_r04,2,7,2,5,5,2,0.085,5,2,12,0.1,40.0,True
4,42,net42_r05,1,4,0,4,4,1,0.055,4,1,6,0.1,35.9,True
4,42,net42_r06,2,9,0,9,9,4,0.071,9,4,24,0.1,49.3,True
4,42,net42_r07,4,10,1,9,9,4,0.073,9,4,24,0.1,49.3,True
4,42,net42_r08,2,10,0,10,10,6,0.092,10,6,36,0.1,53.6,True
4,42,net42_r09,2,6,0,6,6,2,0.05,6,2,12,0.1,40.8,True
4,42,net42_r10,2,5,1,4,4,1,0.059,4,1,6,0.1,35.9,True
4,42,net42_r11,2,8,0,8,8,3,0.051,8,3,18,0.1,47.4,True
4,42,net42_r12,3,11,1,10,10,4,0.074,10,4,24,0.1,51.1,True
4,42,net42_r13,2,2,2,0,0,0,0.043,0,0,0,0.0,0.0,True
4,42,net42_r14,4,12,0,12,12,5,0.05,12,5,30,0.4,55.8,True
4,42,net42_r15,1,1,1,0,0,0,0.05,0,0,0,0.0,0.0,True
5,52,net52_r01,1,4,0,4,4,1,0.044,4,1,6,0.1,38.4,True
5,52,net52_r02,1,7,0,7,7,4,0.089,7,4,24,0.1,53.5,True
5,52,net52_r03,3,17,0,17,17,9,0.109,17,9,54,32.4,67.8,True
5,52,net52_r04,3,14,2,12,12,6,0.116,12,6,36,0.5,56.6,True
5,52,net52_r05,4,18,0,18,18,9,0.102,18,9,54,80.8,70.9,True
5,52,net52_r06,2,5,1,4,4,2,0.12,4,2,12,0.1,41.5,True
5,52,net52_r07,4,12,0,12,12,8,0.097,12,8,48,0.4,61.3,True
5,52,net52_r08,3,9,1,8,8,3,0.087,8,3,18,0.1,49.6,True
5,52,net52_r09,1,4,0,4,4,1,0.075,4,1,6,0.1,38.0,True
5,52,net52_r10,2,8,0,8,8,3,0.069,8,3,18,0.1,48.0,True
5,52,net52_r11,2,9,0,9,9,4,0.109,9,4,24,0.1,52.3,True
5,52,net52_r12,3,15,0,15,15,8,0.104,15,8,48,6.3,64.4,True
5,52,net52_r13,3,12,0,12,12,8,0.104,12,8,48,0.4,60.2,True
5,52,net52_r14,4,18,0,18,18,8,0.109,18,8,48,77.0,66.5,True
5,52,net52_r15,1,4,0,4,4,1,0.089,4,1,6,0.3,41.3,True
