factor,level,contained,pending_two_person,escalated,silent_failures,rejected,services_down,healthy_isolated,risk_left,changed,solve_seconds
f_service,0.5,32,0,8,0,0,0,0,155,0,0.015
f_service,0.7,32,0,8,0,0,0,0,155,0,0.005
f_service,0.8,32,0,8,0,0,0,0,155,0,0.009
f_service,0.9,32,0,8,0,0,0,0,155,0,0.013
f_service,1.0,32,0,8,0,0,0,0,155,0,0.021
f_service,1.1,32,0,8,0,0,0,0,155,0,0.004
f_service,1.2,32,0,8,0,0,0,0,155,0,0.008
f_service,1.3,32,0,8,0,0,0,0,155,0,0.004
f_service,1.5,32,0,8,0,0,0,0,155,0,0.008
f_disruption,0.5,32,0,8,0,0,0,0,155,0,0.005
f_disruption,0.7,32,0,8,0,0,0,0,155,0,0.009
f_disruption,0.8,32,0,8,0,0,0,0,155,0,0.005
f_disruption,0.9,32,0,8,0,0,0,0,155,0,0.004
f_disruption,1.0,32,0,8,0,0,0,0,155,0,0.021
f_disruption,1.1,32,0,8,0,0,0,0,155,0,0.005
f_disruption,1.2,32,0,8,0,0,0,0,155,0,0.005
f_disruption,1.3,32,0,8,0,0,0,0,155,0,0.009
f_disruption,1.5,32,0,8,0,0,0,0,155,0,0.005
f_spread,0.5,32,0,8,0,0,0,0,155,0,0.009
f_spread,0.7,32,0,8,0,0,0,0,155,0,0.004
f_spread,0.8,32,0,8,0,0,0,0,155,0,0.009
f_spread,0.9,32,0,8,0,0,0,0,155,0,0.005
f_spread,1.0,32,0,8,0,0,0,0,155,0,0.021
f_spread,1.1,32,0,8,0,0,0,0,155,0,0.009
f_spread,1.2,32,0,8,0,0,0,0,155,0,0.009
f_spread,1.3,32,0,8,0,0,0,0,155,0,0.005
f_spread,1.5,32,0,8,0,0,0,0,155,0,0.009
lambda(service+disruption),0.05,38,13,2,0,0,27,2,80,15,0.004
lambda(service+disruption),0.1,36,8,4,0,0,17,0,91,10,0.004
lambda(service+disruption),0.2,33,1,7,0,0,2,0,142,2,0.005
lambda(service+disruption),0.3,32,0,8,0,0,0,0,155,0,0.005
lambda(service+disruption),0.5,32,0,8,0,0,0,0,155,0,0.005
lambda(service+disruption),0.7,32,0,8,0,0,0,0,155,0,0.004
lambda(service+disruption),1.0,32,0,8,0,0,0,0,155,0,0.021
lambda(service+disruption),1.5,32,0,8,0,0,0,0,155,0,0.004
lambda(service+disruption),2.0,32,0,8,0,0,0,0,155,0,0.004
lambda(service+disruption),3.0,32,0,8,0,0,0,0,167,4,0.004
lambda(service+disruption),5.0,25,0,8,7,0,0,0,278,19,0.004
lambda(service+disruption),10.0,13,0,4,23,0,0,0,462,34,0.005
