n,scenario,category,host,tier,benign,risk,confidence,sensors,uniform_action,uniform_auto,uniform_offline,uniform_critical_outage,uniform_attacker_cut,acrs_action,acrs_auto,acrs_offline,acrs_critical_outage,acrs_attacker_cut,acrs_reason
1,tier1_c2_hr,network_c2,HR-APP-01,1,False,94,98,3,FULL_ISOLATION,True,True,False,True,SURGICAL,True,True,False,True,"Risk 94 / confidence 98% on Tier-1 (auto threshold 90) | Tier-1: surgical isolation, service continues on redundant nodes"
2,tier0_dc_cred_dump,identity,DC-01,0,False,98,97,3,FULL_ISOLATION,True,True,False,True,EMERGENCY_RESTRICT,True,True,False,True,"Risk 98 / confidence 97% on Tier-0 (auto threshold 95) | Tier-0 emergency containment: restrictive actions only, authentication keeps running on the other controllers | Full isolation needs two approvers"
3,tier2_workstation,initial_access,WS-HR-011,2,False,87,98,3,FULL_ISOLATION,True,True,False,True,FULL_ISOLATION,True,True,False,True,"Risk 87 / confidence 98% on Tier-2 (auto threshold 85) | Tier-2: full isolation, no human needed"
4,ransomware_finance,ransomware,WS-FIN-023,2,False,56,62,2,FULL_ISOLATION,True,True,False,True,FULL_ISOLATION,True,True,False,True,Ransomware fast path (T1486/T1490): contain before confidence gating
5,ransomware_finance,ransomware,WS-FIN-031,2,False,40,46,1,FULL_ISOLATION,True,True,False,True,FULL_ISOLATION,True,True,False,True,Ransomware fast path (T1486/T1490): contain before confidence gating
6,ransomware_finance,ransomware,WS-FIN-044,2,False,40,46,1,FULL_ISOLATION,True,True,False,True,FULL_ISOLATION,True,True,False,True,Ransomware fast path (T1486/T1490): contain before confidence gating | 3 assets hit in user-finance: restrict SMB/RDP inside this segment only
7,erp_change_window_fp,edge_cases,ERP-PROD-01,1,True,74,94,3,FULL_ISOLATION,True,True,True,True,RESTRICT,False,False,False,False,Asset is inside an approved change window (risk -15) | UEBA shows no deviation beyond the change baseline: analyst confirmation required
8,mri_non_isolatable,edge_cases,MRI-CTRL-02,1,False,86,84,2,FULL_ISOLATION,True,True,True,True,COMPENSATING,True,False,False,True,Asset cannot be isolated (safety-critical / no agent): compensating controls only | Essential flows stay allowlisted; C2 and DNS are blocked at the network
9,cloud_workload,cloud_k8s,API-GW-AWS-01,1,False,91,96,4,FULL_ISOLATION,True,True,False,True,SURGICAL,True,True,False,True,"Risk 91 / confidence 96% on Tier-1 (auto threshold 90) | Tier-1: surgical isolation, service continues on redundant nodes"
10,ioc_return_hr,network_c2,HR-APP-01,1,False,94,98,3,FULL_ISOLATION,True,True,False,True,SURGICAL,True,True,False,True,"Risk 94 / confidence 98% on Tier-1 (auto threshold 90) | Tier-1: surgical isolation, service continues on redundant nodes"
11,unknown_host,edge_cases,10.77.7.7,,False,50,62,2,MONITOR,False,False,False,False,RESTRICT,True,False,False,True,Asset not in CMDB: restrict the source IP at the edge only
12,dns_tunnel,data_insider,WS-FIN-031,2,False,62,61,2,FULL_ISOLATION,True,True,False,True,RESTRICT,True,False,False,True,Risk 62 / confidence 61% on Tier-2 (auto threshold 85) | Medium band (60 <= risk < 85) | Restrict automatically; surgical isolation needs approval
13,beacon_hr_app2,network_c2,HR-APP-02,1,False,91,96,3,FULL_ISOLATION,True,True,False,True,SURGICAL,True,True,False,True,"Risk 91 / confidence 96% on Tier-1 (auto threshold 90) | Tier-1: surgical isolation, service continues on redundant nodes"
14,c2_build_server,network_c2,DEV-BUILD-07,2,False,83,96,3,FULL_ISOLATION,True,True,False,True,RESTRICT,True,False,False,True,Risk 83 / confidence 96% on Tier-2 (auto threshold 85) | Medium band (60 <= risk < 85) | Restrict automatically; surgical isolation needs approval
15,vpn_gateway_c2,network_c2,VPN-GW-01,1,False,84,82,2,FULL_ISOLATION,True,True,False,True,RESTRICT,True,False,False,True,Risk 84 / confidence 82% on Tier-1 (auto threshold 90) | Medium band (60 <= risk < 90) | Restrict automatically; surgical isolation needs approval
16,c2_ws_fin023,network_c2,WS-FIN-023,2,False,82,98,3,FULL_ISOLATION,True,True,False,True,RESTRICT,True,False,False,True,Risk 82 / confidence 98% on Tier-2 (auto threshold 85) | Medium band (60 <= risk < 85) | Restrict automatically; surgical isolation needs approval
17,impossible_travel_hr,identity,WS-HR-011,2,False,46,43,1,MONITOR,False,False,False,False,MONITOR,False,False,False,False,Confidence 43% < 60% (1 independent source): no automatic containment
18,dc02_lsass_single,identity,DC-02,0,False,56,46,1,MONITOR,False,False,False,False,MONITOR,False,False,False,False,Confidence 46% < 60% (1 independent source): no automatic containment
19,pki_c2,identity,PKI-CA-01,0,False,98,98,3,FULL_ISOLATION,True,True,True,True,EMERGENCY_RESTRICT,True,True,True,True,"Risk 98 / confidence 98% on Tier-0 (auto threshold 95) | Tier-0 emergency containment: restrictive actions only, authentication keeps running on the other controllers | Full isolation needs two approvers"
20,travel_then_c2_ws044,identity,WS-FIN-044,2,False,82,98,3,FULL_ISOLATION,True,True,False,True,RESTRICT,True,False,False,True,Risk 82 / confidence 98% on Tier-2 (auto threshold 85) | Medium band (60 <= risk < 85) | Restrict automatically; surgical isolation needs approval
21,ransomware_ws_hr,ransomware,WS-HR-011,2,False,40,46,1,FULL_ISOLATION,True,True,False,True,FULL_ISOLATION,True,True,False,True,Ransomware fast path (T1486/T1490): contain before confidence gating
22,ransomware_build,ransomware,DEV-BUILD-07,2,False,42,46,1,FULL_ISOLATION,True,True,False,True,FULL_ISOLATION,True,True,False,True,Ransomware fast path (T1486/T1490): contain before confidence gating
23,ransomware_erp_db,ransomware,ERP-DB-01,1,False,49,46,1,FULL_ISOLATION,True,True,True,True,SURGICAL,True,True,True,True,Ransomware fast path (T1486/T1490): contain before confidence gating
24,ransomware_dc02,ransomware,DC-02,0,False,56,46,1,FULL_ISOLATION,True,True,False,True,EMERGENCY_RESTRICT,True,True,False,True,Ransomware fast path (T1486/T1490): contain before confidence gating | Tier-0: restrictive actions only; full isolation needs two approvers
25,k8s_node_miner,cloud_k8s,K8S-NODE-04,2,False,83,96,3,FULL_ISOLATION,True,True,False,True,RESTRICT,True,False,False,True,Risk 83 / confidence 96% on Tier-2 (auto threshold 85) | Medium band (60 <= risk < 85) | Restrict automatically; surgical isolation needs approval
26,k8s_cp_c2,cloud_k8s,K8S-CP-01,0,False,99,98,3,FULL_ISOLATION,True,True,False,True,EMERGENCY_RESTRICT,True,True,False,True,"Risk 99 / confidence 98% on Tier-0 (auto threshold 95) | Tier-0 emergency containment: restrictive actions only, authentication keeps running on the other controllers | Full isolation needs two approvers"
27,aws_access_key_only,cloud_k8s,API-GW-AWS-01,1,False,45,41,1,MONITOR,False,False,False,False,MONITOR,False,False,False,False,Confidence 41% < 60% (1 independent source): no automatic containment
28,aws_gw_exfil,cloud_k8s,API-GW-AWS-01,1,False,85,84,2,FULL_ISOLATION,True,True,False,True,RESTRICT,True,False,False,True,Risk 85 / confidence 84% on Tier-1 (auto threshold 90) | Medium band (60 <= risk < 90) | Restrict automatically; surgical isolation needs approval
29,phishing_macro_fin023,initial_access,WS-FIN-023,2,False,82,98,3,FULL_ISOLATION,True,True,False,True,RESTRICT,True,False,False,True,Risk 82 / confidence 98% on Tier-2 (auto threshold 85) | Medium band (60 <= risk < 85) | Restrict automatically; surgical isolation needs approval
30,phishing_hta_fin044,initial_access,WS-FIN-044,2,False,81,96,3,FULL_ISOLATION,True,True,False,True,RESTRICT,True,False,False,True,Risk 81 / confidence 96% on Tier-2 (auto threshold 85) | Medium band (60 <= risk < 85) | Restrict automatically; surgical isolation needs approval
31,outlook_cmd_fin031,initial_access,WS-FIN-031,2,False,86,96,3,FULL_ISOLATION,True,True,False,True,FULL_ISOLATION,True,True,False,True,"Risk 86 / confidence 96% on Tier-2 (auto threshold 85) | Tier-2: full isolation, no human needed"
32,vpn_credential_abuse,initial_access,VPN-GW-01,1,False,69,55,1,FULL_ISOLATION,True,True,False,True,RESTRICT,False,False,False,False,Confidence 55% < 60% (1 independent source): no automatic containment
33,webshell_hr_gateway,web_api,HR-API-GW,1,False,92,98,3,FULL_ISOLATION,True,True,False,True,SURGICAL,True,True,False,True,"Risk 92 / confidence 98% on Tier-1 (auto threshold 90) | Tier-1: surgical isolation, service continues on redundant nodes"
34,fin_api_rce,web_api,FIN-API-01,1,False,91,96,3,FULL_ISOLATION,True,True,False,True,SURGICAL,True,True,False,True,"Risk 91 / confidence 96% on Tier-1 (auto threshold 90) | Tier-1: surgical isolation, service continues on redundant nodes"
35,aws_gw_node_exploit,web_api,API-GW-AWS-01,1,False,91,97,3,FULL_ISOLATION,True,True,False,True,SURGICAL,True,True,False,True,"Risk 91 / confidence 97% on Tier-1 (auto threshold 90) | Tier-1: surgical isolation, service continues on redundant nodes"
36,hr_app2_webshell,web_api,HR-APP-02,1,False,90,96,3,FULL_ISOLATION,True,True,False,True,SURGICAL,True,True,False,True,"Risk 90 / confidence 96% on Tier-1 (auto threshold 90) | Tier-1: surgical isolation, service continues on redundant nodes"
37,erp_web_exploit_cw,web_api,ERP-PROD-01,1,False,70,83,2,FULL_ISOLATION,True,True,True,True,RESTRICT,True,False,False,True,Asset is inside an approved change window (risk -15) | UEBA confirms abnormal behaviour despite the change window
38,erp_db_exfil,data_insider,ERP-DB-01,1,False,86,84,2,FULL_ISOLATION,True,True,True,True,RESTRICT,True,False,False,True,Risk 86 / confidence 84% on Tier-1 (auto threshold 90) | Medium band (60 <= risk < 90) | Restrict automatically; surgical isolation needs approval
39,hr_db_exfil,data_insider,HR-DB-01,1,False,85,84,2,FULL_ISOLATION,True,True,True,True,RESTRICT,True,False,False,True,Risk 85 / confidence 84% on Tier-1 (auto threshold 90) | Medium band (60 <= risk < 90) | Restrict automatically; surgical isolation needs approval
40,insider_dns_ws044,data_insider,WS-FIN-044,2,False,47,44,1,MONITOR,False,False,False,False,MONITOR,False,False,False,False,Confidence 44% < 60% (1 independent source): no automatic containment
41,response_memory_repeat,edge_cases,WS-FIN-031,2,False,62,61,2,FULL_ISOLATION,True,True,False,True,RESTRICT,True,False,False,True,Risk 62 / confidence 61% on Tier-2 (auto threshold 85) | Medium band (60 <= risk < 85) | Restrict automatically; surgical isolation needs approval
42,attribution_conflict,edge_cases,HR-APP-01,1,False,82,98,3,FULL_ISOLATION,True,True,False,True,RESTRICT,True,False,False,True,Risk 82 / confidence 98% on Tier-1 (auto threshold 90) | Medium band (60 <= risk < 90) | Restrict automatically; surgical isolation needs approval
